中文文案,英语,日语,印尼语
工号,Employee ID,社員番号,ID Karyawan
工位,Desk number,座席番号,Nomor Meja
组织代码,Organization Code,組織コード,Kode Organisasi
服务协议、隐私权政策,Terms of Service、Privacy Policy,「利用規約」及び「プライバシーポリシー」,Ketentuan Layanan、Kebijakan Privasi
登录,Sign in,ログイン,Masuk
注册,Sign up,新規登録,Daftar
邮箱,Mail,メール,Email
电话号码,Phone number,携帯番号,Nomor Telепон
退出登录,Sign out,ログアウト,Keluar
保持登录,Keep me logged in,自動ログイン,Tetap Masuk
企业账号,Enterprise Account,企業アカウント,Akun Perusahaan
选择国家和地区代码,Select country or region,国また地域を選択,Pilih negara atau wilayah
成员,User,ユーザー,Pengguna
好友,Contacts,連絡先,Kontak
更多,More,その他,Lainnya
登录遇到问题？,Help center,ヘルプセンター,Pusat Bantuan
人工申诉,Submit an Appeal,異議を申し立てる,Ajukan Banding
账号挂失,Suspend Account,アカウントを一時停止,Tangguhkan Akun
考勤机,Time Clock,打刻機,Absensi
办公地点,Work Location,勤務地,Lokasi Kerja
头像,Profile Photo,プロフィール写真,Foto Profil
昵称,Name,名前,Nama
钉钉号,DingTalk ID,DingTalk ID,DingTalk ID
我的二维码,My QR Code,マイQRコード,Kode QR Saya
我的名片,My Business Card,マイ名刺,Kartu Nama Saya
我的企业身份,My Business Identity,所属企業,Identitas Bisnis Saya
工作经历,Work Experience,職歴,Pengalaman Kerja
部门,Department,部門,Departemen
确定,Confirm,完了,Konfirmasi
取消,Cancel,キャンセル,Batal
完成,Complete,完了,Selesai
下一步,Next,次へ,Berikutnya
验证码,Verification Code,認証コード,Kode Verifikasi
热门国家和地区,Popular,よく選択される国・地域,Populer
上一步,Back,戻る,Kembali
返回,Back,戻る,Kembali
关闭,Close,閉じる,Tutup
保存,Save,保存,Simpan
编辑,Edit,編集,Edit
删除,Delete,削除,Hapus
添加,Add,追加,Tambah
创建,Create,作成,Buat
更新,Update,更新,Perbarui
刷新,Refresh,更新,Muat Ulang
搜索,Search,検索,Cari
筛选,Filter,絞り込み,Filter
排序,Sort,並び替え,Urutkan
更多,More,その他,Lainnya
查看详情,View details,詳細を見る,Lihat Detail
复制,Copy,コピー,Salin
粘贴,Paste,貼り付け,Tempel
提交,Submit,送信,Kirim
撤回,Recall,送信取消,Tarik Kembali
重新发送,Resend,再送信,Kirim Ulang
重试,Try again,再試行,Coba Lagi
加载中,Loading,読み込み中,Memuat
成功,Success,成功,Berhasil
失败,Failed,失敗,Gagal
错误,Error,エラー,Kesalahan
警告,Warning,お知らせ,Peringatan
提示,Tips,お知らせ,Tips
确认,Confirm,確認,Konfirmasi
我知道了,Confirm,分かりました,Konfirmasi
已完成,Completed,完了しました,Selesai
未完成,Not completed,未完了,Belum Selesai
开启,On,オン,Aktif
启用,Enable,有効化完了,Aktifkan
禁用,Disable,無効,Nonaktifkan
允许,Allow,許可,Izinkan
拒绝,Decline,拒否,Tolak
同意,Accept,承認,Terima
不同意,Decline,キャンセル,Tolak
跳过,Skip,スキップ,Lewati
继续,Continue,続く,Lanjutkan
立即,Now,今すぐ,Sekarang
稍后,Later,後で,Nanti
全部,All,すべて,Semua
仅此一次,Only this time,今回のみ,Hanya Kali Ini
始终,Always,常に,Selalu
取消选择,Clear selection,選択を解除,Hapus Pilihan
选择,Select,選択,Pilih
选中,Selected,選択済み,Dipilih
取消置顶,Unpin,ピン留め解除,Lepas Sematan
置顶,Pin,ピン留め,Sematkan
下载,Download,ダウンロード,Unduh
上传,Upload,アップロード,Unggah
分享,Share,共有,Bagikan
导出,Export,エクスポート,Ekspor
导入,Import,インポート,Impor
预览,Preview,プレビュー,Pratinjau
打印,Print,印刷,Cetak
权限,Permissions,権限,Izin
设置,Settings,設定,Pengaturan
帮助,Help,ヘルプ,Bantuan
反馈,Feedback,フィードバック,Masukan
隐私政策,Privacy Policy,プライバシーポリシー,Kebijakan Privasi
关闭,Off,オフ,Nonaktif
消息,Chats,チャット,Obrolan
聊天,Chat,チャット,Obrolan
会话,Chat,チャット,Obrolan
新建消息,New message,新規 メッセージ,Pesan baru
发送,Send,送信,Kirim
发送失败,Failed to send,送信に失敗しました,Gagal mengirim
重发,Resend,再送信,Kirim Ulang
撤回,Recall,送信取消,Tarik Kembali
转发,Forward,転送,Teruskan
回复,Reply,返信,Balas
引用回复,Reply in thread,スレッドで返信,Balas di utas
表情,Emoji,絵文字,Emoji
表情包,Stickers,スタンプ,Stiker
贴纸,Sticker,ステッカー,Stiker
图片,Image,画像,Gambar
视频,Video,動画,Video
语音,Voice,音声,Suara
文件,File,ファイル,File
位置,Location,位置情報,Lokasi
名片,Business Card,名刺,Kartu Nama
拍照,Take photo,カメラで撮影,Ambil foto
相册,Album,アルバム,Album
录音,Record,録音,Rekam
通话,Call,通話,Panggilan
语音通话,Voice call,音声通話,Panggilan suara
视频通话,Video call,ビデオ通話,Panggilan video
已读,Read,既読,Sudah dibaca
未读,Unread,未読,Belum dibaca
全部已读,Mark all as read,全員既読,Tandai semua sudah dibaca
@我,Mentions,@自分,Sebutan
@所有人,@Everyone,@全員,@Semua Orang
置顶会话,Pin to top,ピン留め,Sematkan ke atas
免打扰,Do Not Disturb,サイレント（通知オフ）,Jangan Ganggu
静音,Mute,ミュート,Bisukan
消息提醒,Message notifications,通知,Notifikasi pesan
通知,Notifications,通知,Notifikasi
消息通知,Message notifications,メッセージ通知,Notifikasi pesan
新消息,New message,新規メッセージ,Pesan baru
清空聊天记录,Clear chat history,チャット履歴をクリア,Hapus riwayat obrolan
聊天记录,Chat History,チャット履歴,Riwayat Obrolan
搜索聊天记录,Search chat history,チャット履歴を検索,Cari riwayat obrolan
消息设置,Message settings,チャット設定,Pengaturan pesan
群聊,Group Chat,グループチャット,Obrolan Grup
单聊,Direct Message,個別チャット,Pesan Langsung
群成员,Group members,グループメンバー,Anggota grup
群公告,Group announcement,お知らせ,Pengumuman grup
群文件,Group files,グループファイル,File grup
群设置,Group settings,グループ設定,Pengaturan grup
邀请加入群,Invite to join chat,グループへの招待,Undang untuk bergabung ke obrolan
退出群,Leave chat,グループを退出,Keluar dari obrolan
解散群,Delete chat,グループを解散,Hapus obrolan
管理员,Admin,管理者,Admin
群管理员,Group admin,グループ管理者,Admin grup
群主,Group owner,グループ作成者,Pemilik grup
禁言,Mute members,発言禁止,Bisukan anggota
加入群,Join chat,グループに参加,Gabung obrolan
频道,Channel,チャンネル,Saluran
话题,Topic,トピック,Topik
收藏,Favorite,お気に入り,Favorit
标记未读,Mark as unread,未読にする,Tandai belum dibaca
置顶消息,Pin to top,ピン留め,Sematkan ke atas
钉住消息,Pinned message,固定メッセージ,Pesan yang disematkan
引用,Quote,参照,Kutip
分享到外部,Share externally,外部に共有,Bagikan ke eksternal
外部联系人,External contacts,外部連絡先,Kontak eksternal
外部群,External Chat,外部グループ,Obrolan Eksternal
服务协议,Terms of Service,利用規約,Ketentuan Layanan
消息免打扰,Mute chat,チャットをミュート,Bisukan obrolan
取消免打扰,Unmute chat,ミュートを解除,Nyalakan suara obrolan
发起群聊,New Chat,グルチャ作成,Obrolan Baru
标为未读,Mark as Unread,未読にする,Tandai Belum Dibaca
添加到分组,Add to Category,カテゴリに追加,Tambahkan ke Kategori
移除,Hide chat,削除,Sembunyikan obrolan
群设置,Group Settings,グループ設定,Pengaturan Grup
复制,Copy,コピー,Salin
转发,Forward,転送,Teruskan
回复,Reply,リプライ,Balas
多选,Multiselect,複数選択,Pilih Banyak
收藏,Favorites,お気に入り,Favorit
翻译,Translate,翻訳,Terjemahkan
待办,To-Do,タスク,Tugas
日程,Event,予定,Acara
便签,Notes,メモ,Catatan
稍后处理,Later,後処理,Nanti
群公告,Group Announcement,グループのお知らせ,Pengumuman Grup
我在本群的昵称,My Alias,グループ内の表示名,Alias Saya
群管理,Group Management,グループ管理,Kelola Grup
群成员,Members,メンバー,Anggota
按好友选,Select from Contacts,連絡先から選択,Pilih dari Kontak
按架构选,Select from Organization,組織から選択,Pilih dari Organisasi
面对面建群,Nearby Chat,対面でグループ作成,Obrolan Terdekat
按群聊选,Select from Existing Chats,既存グループから選択,Pilih dari Obrolan yang Ada
解散该群,Disband Chat,グループを解散,Bubarkan Obrolan
查看全部群成员,Members,全員を表示,Anggota
群功能开关,Feature Settings,機能設定,Pengaturan Fitur
群快捷栏,Chat Quick actions,よく使う機能,Tindakan Cepat Obrolan
群邮件组,Group Mailing List,グルチャ・メーリングリスト,Daftar Milis Grup
禁止群成员私聊,Turn off Private Chat,メンバー間の個別チャットを禁止,Nonaktifkan Obrolan Pribadi
转让群主,Transfer Group Ownership,グループ作成者を譲渡,Alihkan Kepemilikan Grup
谁可以@所有人,Who can @mention all,@全員 を使用できるユーザー,Siapa yang dapat @mention semua
所有群成员,All Group Members,グループ全員,Semua Anggota Grup
谁可以在群内发DING,Who can send DING,DINGを送信できるユーザー,Siapa yang dapat mengirim DING
谁可以把群消息置顶,Who can pin,ピン留めできるユーザー,Siapa yang dapat menyematkan
谁可以发起群接龙,Who can start a poll,募集を開始できるユーザー,Siapa yang dapat memulai polling
谁可以发起群直播,Who can start live,ライブ配信を開始できるユーザー,Siapa yang dapat memulai siaran langsung
谁可以在群里发起视频和语音会议,Who can start video or voice meetings,ビデオまたは音声会議を開始できるユーザー,Siapa yang dapat memulai rapat video atau suara
群介绍,Group Description,グループ説明,Deskripsi Grup
入群许可,Membership approval,グループ参加認証,Persetujuan Keanggotaan
群可被搜索,Find group via search,グループの検索可能を許可,Temukan grup melalui pencarian
新成员可查看聊天记录,New members can view chat history,新規メンバーが履歴を閲覧可能,Anggota baru dapat melihat riwayat obrolan
群文件同步钉盘,Sync files to Drive,グループファイルをドライブに同期,Sinkronkan file ke Drive
群日历,Group Calendar,グループカレンダー,Kalender Grup
谁可以发起群收款,Who can Collect Payment,割り勘・請求を作成できるユーザー,Siapa yang dapat menerima pembayaran
内部群,Internal Group,内部グループ,Grup Internal
普通群,Standard Group,一般グループ,Grup Standar
个性化设置，仅对自己生效,Personal Settings (Only visible to you),個人設定（自分のみ有効）,Pengaturan Pribadi (Hanya terlihat oleh Anda)
机器人,Bots,ボット,Bot
设置群身份,Set Group Role,ロールの役割を設定,Atur Peran Grup
代码片段,Code Snippets,コードスニペット,Cuplikan Kode
AI灵动回复,AI Smart Reply,AIスマート返信,Balasan Cerdas AI
归属于,Belongs to,所属,Milik
请输入消息,Please enter a message,メッセージを入力してください。,Silakan masukkan pesan
被禁言的成员,Muted Members,ミュートされたメンバー,Anggota yang Dibisukan
添加禁言成员,Add Muted Members,メンバーを追加,Tambah Anggota yang Dibisukan
全员禁言,Mute All,全員ミュート,Bisukan Semua
表情,Emoji,絵文字,Emoji
赞,Like,いいね,Suka
试试直接输入@,Try typing @,@を入力してみてください,Coba ketik @
截图,Screenshot,スクリーンショット,Tangkapan Layar
上传文件,Upload File,ファイルをアップロード,Unggah File
更多,More,その他,Lainnya
最近使用,Recently Used,最近使用したもの,Baru Digunakan
默认表情,Default Emojis,デフォルトの絵文字,Emoji Default
收藏的表情,Favorite Stickers,お気に入り,Stiker Favorit
加粗,Bold,太字,Tebal
文字颜色,Text Color,文字色,Warna Teks
斜体,Italic,斜体,Miring
删除线,Strikethrough,取り消し線,Coret
无序列表,Bulleted List,箇条書き,Daftar Berpoin
有序列表,Numbered List,番号付きリスト,Daftar Bernomor
列表缩进前进,Increase Indent,インデントを増やす,Tambah Inden
列表缩进后退,Decrease Indent,インデントを減らす,Kurangi Inden
链接,Link,リンク,Tautan
分割线,Divider,区切り線,Pembatas
清除格式,Clear Formatting,書式をクリア,Hapus Format
收起,Collapse,折り畳む,Ciutkan
设为定时,Set as Scheduled,予約設定,Tetapkan sebagai Terjadwal
设为静音,Mute,ミュートに設定,Bisukan
日历,Calendar,カレンダー,Kalender
点此预览,Preview,プレビュー,Pratinjau
全员群,All-staff Chat,全員グループ,Obrolan Seluruh Staf
部门群,Department Chat,部門グループ,Obrolan Departemen
合作群,Collaboration Chat,コラボグループ,Obrolan Kolaborasi
@人,@ People,@メンバー,@ Orang
操作记录,Activity log,操作ログ,Log Aktivitas
智能体,Agent,エージェント,Agen
AI 字段,AI field,AIフィールド,Bidang AI
AI 公式助手,AI Formula Assistant,AI数式アシスタント,Asisten Formula AI
AI 招聘助手,AI Recruitment Assistant,AI採用アシスタント,Asisten Rekrutmen AI
AI 表格,AI Table,AIテーブル,AI Table
AI 表格 企业版/旗舰版,AI Table Enterprise / Ultimate,AIテーブル　エンタープライズ版/プレミアム版,AI Table Enterprise / Ultimate
AI 表格高级权限,AI Table Granular Access,AIテーブル　詳細アクセス権限,Akses Terperinci AI Table
AI 表格首页布局模板,AI Table Homepage Layout Template,AIテーブル　ホームページのレイアウトテンプレート,Templat Tata Letak Beranda AI Table
AI 标签匹配,AI Tagging,AIタグマッチング,AI Tagging
AI 生成公式,AI-generated formula,AI数式生成,Formula yang dihasilkan AI
AI 分析图表,Analyze with AI,AIグラフ分析,Analisis dengan AI
AI 解析仪表盘,Analyze with AI,AIダッシュボード分析,Analisis dengan AI
应用,App,アプリ,Aplikasi
应用名,App name,アプリ名,Nama aplikasi
应用权限,App permissions,アプリ権限,Izin aplikasi
外观,Appearance,外観,Tampilan
应用布局,Apply Layout,レイアウト適用,Terapkan Tata Letak
审批流程,Approval process,承認フロー,Proses persetujuan
面积图,Area,面積チャート,Area
关联的表,Associated table,関連するテーブル,Tabel terkait
关联,Association,関連,Asosiasi
附件,Attachment,添付,Lampiran
属性,Attribute,属性,Atribut
鉴权方式,Authentication method,認証方法,Metode autentikasi
自动化,Automation,自動化,Otomatisasi
自动化权限,Automation permissions,自動化権限,Izin otomatisasi
自动编号,Autonumber,自動化ID,Penomoran otomatis
条形图,Bar,横棒チャート,Batang
基础组件,Basic components,基本コンポーネント,Komponen dasar
空白数据表,Blank table,空白のデータテーブル,Tabel kosong
双向关联,Both-way Link,双方向関連,Tautan Dua Arah
AI 建表,Build with AI,AIからテーブルの新規作成,Bangun dengan AI
日历,Calendar,カレンダー,Kalender
日历视图,Calendar,カレンダービュー,Kalender
卡片,Card,カード,Kartu
卡片列表,Cards,カードリスト,Kartu
单元格,Cell,セル,Sel
数据看板中心,Central Dashboard,ダッシュボードセンター,Dasbor Pusat
图表,Chart,チャート,Bagan
图表类型,Chart type,チャート種類,Jenis bagan
勾选框,Checkbox,チェックボックス,Kotak centang
引用,Citation,参照,Kutipan
协作视图,Collaborative view,共同編集者ビュー,Tampilan kolaboratif
协作人,Collaborator,共同編集者,Kolaborator
协作者,Collaborator,共同編集者,Kolaborator
列,Column,列,Kolom
柱状图,Column,縦棒チャート,Kolom
列宽,Column width,列幅,Lebar kolom
组件,Component,コンポーネント,Komponen
组件名,Component name,コンポーネント名,Nama komponen
查找条件,Condition,フィルター検索,Kondisi
筛选条件组,Condition group,フィルター条件グループ,Grup kondisi
条件组,Condition group,条件グループ,Grup kondisi
连接器,Connector,コネクタ,Konektor
计数,Count,カウント,Hitung
非空值计数,Count non-empty value,非空値カウント,Hitung nilai yang tidak kosong
去重计数,Count unique values,固有値カウント,Hitung nilai unik
创建人,Created by,作成者,Dibuat oleh
创建时间,Created time,作成時間,Waktu pembuatan
记录创建人,Creator,作成者記録,Pembuat
跨 AI 表格数据同步,Cross-AI Table data sync,AI間テーブルデータの同期,Sinkronisasi data lintas AI Table
货币,Currency,通貨,Mata uang
自定义数据连接器,Custom connector,カスタムデータコネクタ,Konektor kustom
自定义 AI 任务指令,Custom instructions,カスタムAIタスク指示,Instruksi kustom
自定义插件,Custom Plugin,カスタムプラグイン,Plugin Kustom
自定义角色,Custom role,カスタムロール,Peran kustom
固定文本,Custom text,カスタムテキスト,Teks kustom
卡片配置,Customize cards,カード設定,Sesuaikan kartu
仪表盘,Dashboard,ダッシュボード,Dasbor
仪表盘整体权限,Dashboard permissions,ダッシュボード権限,Izin dasbor
数据连接中心,Data Connect Hub,データコネクタセンター,Data Connect Hub
数据标签,Data labels,データタグ,Label data
数据权限设置,Data Permission Settings,データ権限設定,Pengaturan Izin Data
数据权限,Data Permissions,データ権限,Izin Data
数据来源,Data source,データソース,Sumber data
数据源,Data Source,データソース,Sumber Data
数据源中心,Data Source Center,データソースセンター,Pusat Sumber Data
数据源标题,Data source title,データソースタイトル,Judul sumber data
日期与时间,Date & Time,日付と時刻,Tanggal & Waktu
日期字段,Date field,日付フィルター,Bidang tanggal
日期类型,Date type,日付種類,Tipe tanggal
详细权限,Detailed permissions,詳細権限,Izin terperinci
明细表,Details table,明細表,Tabel detail
维度/轴,Dimension/axis,ディメンション/軸,Dimensi/sumbu
钉钉文档,DingTalk Docs,DingTalkドキュメント,DingTalk Docs
钉钉表格,Spreadsheet,スプレッドシート,Spreadsheet
展示时区,Display time zone,タイムゾーン表示,Zona waktu tampilan
文档 ID,Document ID,ドキュメントID,ID Dokumen
文档成员,Document member,ドキュメントメンバー,Anggota dokumen
文档成员,Document members,ドキュメントメンバー,Anggota dokumen
编辑者,Editor,編集者,Editor
实体,Entity,エンティティ,Entitas
条目,Entry,エントリ,Entri
组织外成员,External user,組織外メンバー,Pengguna eksternal
精选模板,Featured Template,プレミアムテンプレート,Templat Unggulan
字段,Field,フィールド,Bidang
字段/列,Field,フィールド,Bidang
字段内容权限,Field content permissions,フィールド内容権限,Izin konten bidang
字段/列描述,Field description,フィールド説明,Deskripsi bidang
字段管理,Field management,フィールド管理,Kelola bidang
字段权限,Field permissions,フィールド権限,Izin bidang
字段引用,Field reference,フィールド参照,Referensi bidang
字段标题,Field title,フィールドタイトル,Judul bidang
字段类型,Field type,フォールド種類,Tipe bidang
附件内容,File content,添付内容,Konten file
附件名,File name,添付名称,Nama file
附件类型,File type,添付種類,Tipe file
过滤器,Filter,フィルター,Filter
筛选,Filter,フィルター,Filter
指定记录,Filtered records,フィルター済みレコード,Rekaman terfilter
查找,Find,検索,Cari
缩放模式,Fit mode,ズームモード,Mode paskan
流程配置,Flow configuration,フロー設定,Konfigurasi alur
表单,Form,フォーム,Formulir
表单视图,Form,フォームビュー,Formulir
编号格式,Format,番号フォーマット,Format
货币格式,Format,通貨フォーマット,Format
显示格式,Format,表示フォーマット,Format
公式,Formula,数式,Formula
公式编辑器,Formula editor,数式エディタ,Editor formula
公式格式,Formula format,数式フォーマット,Format formula
免费共享通道,Free channel,無料共有チャネル,Saluran gratis
完全权限,Full permissions,全権限,Izin penuh
漏斗图,Funnel,ファネルチャート,Corong
漏斗类型,Funnel type,ファネル種類,Tipe corong
画册,Gallery,アルバム,Galeri
画册视图,Gallery,アルバムビュー,Galeri
图库预览,Gallery Preview,アルバムプレビュー,Pratinjau Galeri
高级权限,Granular Access,詳細アクセス権限,Akses Terperinci
表格视图,Grid,グリッドビュー,Kisi
分组,Group,グループ分け,Grup
分组聚合,Group by,グループ集計,Kelompokkan berdasarkan
未展示字段,Hidden fields,非表示済みフィールド,Bidang tersembunyi
隐藏字段,Hidden fields,フィールドを非表示,Bidang tersembunyi
隐藏列,Hide columns,列を非表示,Sembunyikan kolom
隐藏编组,Hide group,フィールドグループを非表示,Sembunyikan grup
隐藏分组,Hide grouping,グループを非表示,Sembunyikan pengelompokan
首页布局,Home page Layout,ホームページレイアウト,Tata Letak halaman utama
图片和附件,Images & Attachments,イメージ図と添付,Gambar & Lampiran
自增数字,Incremental,増分,Inkremental
失效字段,Invalid field,無効フィールド,Bidang tidak valid
看板,Kanban,看板,Kanban
看板视图,Kanban,看板ビュー,Kanban
最后更新者,Last editor,最後更新者,Editor terakhir
更新人,Last modified by,更新者,Terakhir diubah oleh
最后更新时间,Last modified time,最後更新時間,Waktu modifikasi terakhir
布局,Layout,レイアウト,Tata letak
组合布局,Layout,複合レイアウト,Tata letak
折线图,Line,折れ線チャート,Garis
折线类型,Line type,折れ線種類,Tipe garis
链接标题,Link title,タイトルをリンク,Judul tautan
关联字段,Linked field,関連済みフィールド,Bidang tertaut
关联的数据表,Linked table,関連済みデータテーブル,Tabel tertaut
列表视图,List,リストビュー,Daftar
列表类型,List type,リスト種類,Tipe daftar
地理位置,Location,位置情報,Lokasi
查找引用,Lookup,参照を検索,Pencarian
查找与引用,Lookup,検索と参照,Pencarian
权限管理,Manage permissions,権限管理,Kelola izin
视图标记,Mark,ビューをマーク,Tandai
Markdown 预览,Markdown Preview,マークダウンプレビュー,Pratinjau Markdown
度量/值,Measure/value,メジャー/値,Ukuran/nilai
成员,Member,メンバー,Anggota
指标卡,Metrics,指標,Metrik
修改时间,Modified time,編集時間,Waktu modifikasi
多数据源模式,Multi-data-source mode,複数データソースモード,Mode multi-sumber data
多行图文,Multi-line graphics,複数行グラフィック,Grafik multi-baris
多行文本,Multi-line text,複数行テキスト,Teks multi-baris
多选,Multi-Select,複数選択,Pilihan Ganda
我的空间,My space,マイスペース,Ruang saya
NPS 图,NPS,NPSチャート,NPS
编号,Number,番号,Angka
数字格式,Number format,番号フォーマット,Format angka
数字选项,Number options,番号オプション,Opsi angka
编号类型,Numbering type,番号種類,Tipe penomoran
数值格式,Numeric Format,数値フォーマット,Format numerik
数值,Numerical,数値,Numerik
数值轴,Numerical Axis,数値軸,Sumbu numerik
OA审批,OA Approval,OA承認,Persetujuan OA
一次性触发,One-time trigger,ワンタイムトリガー,Pemicu sekali pakai
单向关联,One-way Link,片方向関連,Tautan Satu Arah
选项颜色,Option color,オプション色,Warna opsi
选项标签,Option label,オプションタグ,Label opsi
所有者,Owner,所有者,Pemilik
页面,Page,ページ,Halaman
页面数据权限,Page data permissions,ページデータ権限,Izin data halaman
页面组,Page groups,ページグループ,Grup halaman
页面权限,Page permissions,ページ権限,Izin halaman
父记录,Parent record,親レコード,Rekaman induk
百分比格式,Percent format,パーセントフォーマット,Format persen
周期分表,Periodic table,周期的テーブル,Tabel periodik
权限,Permission,権限,Izin
权限管理,Permission Management,権限管理,Pengelolaan Izin
个人视图,Personal view,個人ビュー,Tampilan pribadi
饼图,Pie,円チャート,Pai
透视表,Pivot table,ピボットテーブル,Tabel pivot
数据地图,Plot map,データマップ,Peta plot
插件,Plugin,プラグイン,Plugin
插件中心,Plugin Center,プラグインセンター,Pusat Plugin
插件市场,Plugin Marketplace,プラグインストア,Marketplace Plugin
展示模式,Presentation mode,プレゼンモード,Mode presentasi
首列,Primary field,先頭列,Bidang utama
主字段,Primary field,メインフィールド,Bidang utama
主键,Primary key,メインキー,Kunci utama
进度,Progress,進捗,Progres
进度图,Progress,進捗チャート,Progres
题型,Question type,質問タイプ,Jenis pertanyaan
雷达图,Radar,レーダーチャート,Radar
评分,Rating,評価点,Peringkat
推荐模板,Recommends,おすすめのテンプレート,Rekomendasi
记录,Record,レコード,Rekam
行,Record,行,Rekam
记录内容,Record data,レコード内容,Data rekaman
记录历史,Record history,レコード履歴,Riwayat rekaman
记录权限,Record permissions,レコード権限,Izin rekaman
回收站,Recycle Bin,ゴミ箱,Tempat Sampah
引用表,Ref table,参照テーブル,Tabel referensi
引用选项,Reference options,参照オプション,Opsi referensi
引用表：{{sheetName}},Reference Sheet: {{sheetName}},参照テーブル: {{テーブル名}},Sheet referensi: {{sheetName}}
引用字段,Referenced fields,参照フィールド,Bidang yang direferensikan
相关连接器,Related connectors,関連するコネクタ,Konektor terkait
相关数据源,Related data sources,関連するデータソース,Sumber data terkait
关联引用,Related Lookup,関連する参照,Lookup Terkait
周期性触发,Repeats,周期的トリガー,Pengulangan
填写人,Respondent,記入者,Responden
填写人设置,Respondent settings,記入者設定,Pengaturan responden
富文本,Rich Text,リッチテキスト,Teks Kaya
角色,Role,ロール,Peran
聚合字段,Rollup field,フィールドを折り畳む,Bidang rollup
行名称,Row name,行名称,Nama baris
行侧,Row side,行側,Sisi baris
行侧填色,Row side indicator,行側塗りつぶし,Indikator sisi baris
散点图,Scatter,散布図,Sebar
自动化推送仪表盘,Scheduled dashboard delivery,自動配信ダッシュボード,Pengiriman dasbor terjadwal
定时推送,Scheduled delivery,定時配信,Pengiriman terjadwal
定时提醒,Scheduled reminder,定時通知,Pengingat terjadwal
脚本插件,Script Plugins,脚本プラグイン,Plugin Skrip
查找结果,Search results,検索結果,Hasil pencarian
单选,Select,単一選択,Pilih
共享范围,Share Scope,共有範囲,Cakupan Berbagi
共享者,Shared by,共有者,Dibagikan oleh
共享数据源,Shared data source,共有データソース,Sumber data bersama
显示字段,Show field,フィールドを表示,Tampilkan bidang
手写签名,Signature,手書き署名,Tanda tangan
单行文本,Single-line text,一行テキスト,Teks satu baris
排序规则,Sorting rules,並べ替えルール,Aturan pengurutan
数据详情,Source records,データ詳細情報,Rekaman sumber
空间,Space,スペース,Ruang
分组依据,Stacked by,グループ分けルール,Ditumpuk berdasarkan
常规字段,Standard fields,デフォルトフィールド,Bidang standar
流程节点,Step,フローノード,Langkah
流程节点,Steps,フローノード,Langkah
提交时间,Submission time,提出時間,Waktu pengiriman
填写模式,Submit mode,記入モード,Mode kirim
提交人,Submitter,提出者,Pengirim
同步设置,Sync settings,同期設定,Pengaturan sinkronisasi
系统角色,System Roles,デフォルトロール,Peran Sistem
表,Table,テーブル,Tabel
数据表,Table,データテーブル,Tabel
数据表权限,Table permissions,データテーブル権限,Izin tabel
表格配置,Table settings,テーブル設定,Pengaturan tabel
收集表,Table with form,集計テーブル,Tabel dengan formulir
表哥,Tabler,テーちゃん,Tabler
AI 表格助理,Tabler,AIテーブルアシスタント,Tabler
AI 助理,Tabler,AIアシスタント,Tabler
AI 助理 Beta 版,Tabler Beta,AIアシスタント　Beta版,Tabler Beta
标签,Tag,タグ,Tag
目标表单,Target form,ターゲットフォーム,Formulir target
团队空间,Team space,チームスペース,Ruang tim
团队空间名称,Team space name,チームスペース名,Nama ruang tim
模板中心,Template Gallery,テンプレートセンター,Galeri Templat
模板预览,Template Preview,テンプレートプレビュー,Pratinjau Templat
附件临时链接,Temporary file URL,添付の一時リンク,URL file sementara
层级,Tier,階層,Tingkat
平铺选项,Tile options,オプションを展開,Opsi ubin
时间字段,Time Field,時間フィールド,Bidang Waktu
时区设置,Time zone,タイムゾーン,Zona waktu
定时触发,Time-Based Triggers,定時的トリガー,Pemicu Berbasis Waktu
甘特,Timeline,ガント,Lini Masa
甘特视图,Timeline,ガントビュー,Lini Masa
甘特图,Timeline,ガントチャート,Lini Masa
甘特图配置,Timeline settings,ガントチャート設定,Pengaturan lini masa
待办,To-do,タスク,Tugas
令牌,Token,アクセスキー,Token
行总计,Total rows,行の合計,Total baris
趋势图,Trend Chart,トレンドチャート,Bagan Tren
触发器,Trigger,トリガー,Pemicu
触发类型,Trigger type,トリガー種類,Jenis pemicu
唯一值,Unique,固定値,Unik
未命名,Untitled,無題,Tanpa judul
无标题,Untitled,タイトルなし,Tanpa judul
未命名图表,Untitled chart,無題のチャート,Bagan tanpa judul
未命名表单,Untitled form,無題のフォーム,Formulir tanpa judul
未命名记录,Untitled record,無題のレコード,Rekaman tanpa judul
未命名脚本插件,Untitled script plugin,無題の脚本プラグイン,Plugin skrip tanpa judul
更新时间,Update time,更新時間,Waktu pembaruan
人员,User,メンバー,Pengguna
用户,User,ユーザー,Pengguna
人员字段,User field,メンバーフィールド,Bidang pengguna
视图,View,ビュー,Tampilan
视图链接,View link,ビューのリンク,Tautan tampilan
视图权限,View permissions,ビューの権限,Izin tampilan
查看者,Viewer,閲覧者,Penampil
视图,Views,ビュー,Tampilan
工作流,workflow,作業フロー,alur kerja
工作流应用,Workflow Application,作業フローアプリ,Aplikasi Alur Kerja
工作流 ID,Workflow ID,作業フローID,ID Alur Kerja
人员类型,Workforce Type,メンバー種類,Jenis Tenaga Kerja
工作日设置,Working days,勤務日設定,Hari kerja
横轴,X-Axis,横軸,Sumbu X
纵轴,Y-Axis,縦軸,Sumbu Y
邮件组,Mailing List,メーリングリスト,Daftar Milis
通讯录,Contacts,連絡先,Kontak
联系人,Contact,連絡先,Kontak
好友,Contact,連絡先,Kontak
添加好友,Add contact,連絡先を追加,Tambah kontak
删除好友,Delete contact,連絡先を削除,Hapus kontak
拉黑,Block,ブロック,Blokir
黑名单,Blocklist,ブロックリスト,Daftar blokir
白名单,Allowlist,ホワイトリスト,Daftar izin
员工,Employee,社員,Karyawan
同事,Colleague,同僚,Rekan Kerja
组织,Organization,組織,Organisasi
企业,Organization,企業,Organisasi
团队,Team,チーム,Tim
公司,Company,企業,Perusahaan
职位,Job Title,職位,Jabatan
企业ID,Organization ID,組織ID,ID Organisasi
加入企业,Join Organization,企業に参加,Gabung Organisasi
退出企业,Leave Organization,企業から脱退,Keluar Organisasi
切换企业,Switch Organization,組織を切り替え,Ganti Organisasi
管理员,Admin,管理者,Admin
企业管理员,Organization Admin,組織管理者,Admin Organisasi
超级管理员,Super Admin,スーパー管理者,Super Admin
名片,Business Card,名刺,Kartu Nama
个人信息,Profile,プロフィール,Profil
个人资料,Profile,プロフィール,Profil
姓名,Name,名前,Nama
邮箱地址,Mail,メール,Email
地区,Region,地域,Wilayah
国家/地区,Country/Region,国/地域,Negara/Wilayah
语言,Language,言語,Bahasa
时区,Time Zone,タイムゾーン,Zona Waktu
签名,Signature,署名,Tanda tangan
工作经历,Work Experience,職歴,Pengalaman Kerja
设置为默认,Set as Default,デフォルトに設定,Tetapkan sebagai Default
主账号,Primary Account,メインアカウント,Akun Utama
子账号,Sub Account,サブアカウント,Sub Akun
我的好友,Contacts,連絡先,Kontak
新的好友,New Contacts,新しい連絡先,Kontak Baru
企业团队邀请,Organization Invitations,企業・チームからの招待,Undangan Organisasi
创建或加入企业/团队,Create or Join a Organization,企業・チームを作成または参加,Buat atau Gabung Organisasi
企业内,Your organization,社内,Organisasi Anda
组织架构,Organization Structure,組織構成,Struktur Organisasi
AI助理,AI Assistant,AIアシスタント,Asisten AI
集团上下游,Business Partners,関連組織,Mitra Bisnis
好友请求,Contact Requests,連絡先申請,Permintaan Kontak
允许对方查看我的手机号码,Allow to see my phone number,電話番号の閲覧を許可,Izinkan melihat nomor telepon saya
来源,Source,追加元,Sumber
加入黑名单,Add to Blacklist,ブラックリストに追加,Tambahkan ke Daftar Hitam
投诉,Report,通報,Laporkan
通过扫一扫添加,Add by Scanning,QRコードで追加,Tambah dengan Pindai
通过搜索添加,Add by Search,検索して追加,Tambah dengan Pencarian
使用手册,User Guide,使い方ガイド,Panduan Pengguna
立即使用,Get Started,今すぐ使う,Mulai
添加好友,Add Contact,連絡先を追加,Tambah Kontak
请输入手机号码/钉钉号,Enter phone number / email address / DingTalk ID,電話番号／DingTalk IDを入力,Masukkan nomor telepon / alamat email / DingTalk ID
搜索,Search,検索,Cari
邀请我的,Invitations to Me,自分への招待,Undangan untuk Saya
我申请的,My Requests,申請済み,Permintaan Saya
已同意,Accepted,承認済み,Diterima
邀请你加入,Invites You to Join,参加への招待,Mengundang Anda untuk Bergabung
列表视图,List View,リスト表示,Tampilan Daftar
树状视图,Tree View,ツリー表示,Tampilan Pohon
日历,Calendar,カレンダー,Kalender
日程,Event,予定,Acara
会议,Meeting,会議,Rapat
创建日程,New Event,予定を作成,Acara Baru
编辑日程,Edit Event,予定を編集,Edit Acara
删除日程,Delete Event,予定を削除,Hapus Acara
会议,Meeting,会議,Rapat
添加标题,Title,タイトルを入力,Judul
成员,Participants,メンバー,Peserta
邀请成员,Invite Member,メンバーを招待,Undang Anggota
参会人,Members,メンバー,Anggota
可选参会人,Optional,任意,Opsional
主持人,Host,主催者,Tuan Rumah
会议主题,Topic,会議のテーマ,Topik
会议标题,Title,タイトル,Judul
会议时间,Time,会議時間,Waktu
地点,Location,場所,Lokasi
会议室,Room,会議室を追加,Ruang
视频会议,Video Meeting,ビデオ会議,Rapat Video
语音会议,Audio Meeting,ビデオ会議,Rapat Audio
离开会议,Leave,会議を退出,Tinggalkan
结束会议,End,会議を終了,Akhiri
历史记录,History,会議履歴,Riwayat
重复,Repeat,繰り返し,Ulangi
不重复,Does not repeat,繰り返さない,Tidak berulang
每天,Daily,毎日,Harian
每周,Weekly,毎週,Mingguan
每两周,Every 2 weeks,2週ごと,Setiap 2 minggu
每月,Monthly,毎月,Bulanan
每年,Yearly,毎年,Tahunan
自定义,Custom,カスタム,Kustom
全天,All day,終日,Sepanjang hari
空闲,Free,空き,Luang
冲突,Conflict,予定が重なる,Konflik
查看忙闲,Check free/busy,空き状況を確認,Periksa luang/sibuk
会议密码,Meeting Code,会議のパスコード,Kode Rapat
会议提醒,Reminder,リマインダー,Pengingat
AI听记,AI Minutes,AI議事録,AI Minutes
会议纪要,Meeting Minutes,議事録,Notulen Rapat
会议记录,Meeting Notes,議事録,Catatan Rapat
录制,Record,録画,Rekam
开始录制,Start Recording,録画を開始,Mulai Merekam
停止录制,Stop Recording,録画を終了,Hentikan Rekaman
发起会议,New Meeting,新しい会議,Rapat Baru
分组（聊天）,Category,カテゴリ,Kategori
钉钉电话,Voice Call,音声通話,Panggilan Suara
日程颜色,Event Color,予定の色,Warna Acara
选择日程属性,Select Event Attribute,所属範囲を選択,Pilih Atribut Acara
该日程的忙闲状态显示为,Show this event as,この予定の空き状況,Tampilkan acara ini sebagai
参与人权限,Participant Permissions,参加者の権限,Izin Peserta
参与人权限设置,Participant Permission Settings,参加者権限設定,Pengaturan Izin Peserta
参与人可以,Participants can,参加者ができること,Peserta dapat
添加音视频会议,Add Video Meeting,ビデオ会議を追加可能,Tambahkan Rapat Video
邀请其他成员加入日程,Invite Others to the Event,他の連絡先を招待可能,Undang Orang Lain ke Acara
议程,Agenda,議題,Agenda
加入会议,Join,会議に参加,Gabung
会议邀请,Invitation,会議招待,Undangan
添加议程,Add Agenda,議題を追加,Tambahkan Agenda
当前日程暂无议题，去收集,No agenda items yet. Start collecting,この予定,Belum ada item agenda. Mulai kumpulkan
向指定参与人收集,Collect from Selected Participants,参加者を選択,Kumpulkan dari Peserta Terpilih
忙碌,Busy,予定あり,Sibuk
动态,Activity,予定変更の履歴,Aktivitas
评论,Comments,コメント,Komentar
当他人查看我的忙闲时，该日程显示为忙碌,Show this event as busy when others view my availability,連絡先が自分の空き状況を確認する際、「予定あり」と表示されます,Tampilkan acara ini sebagai sibuk saat orang lain melihat ketersediaan saya
已接受,Accepted,承認,Diterima
暂定,Tentative,保留,Sementara
已拒绝,Declined,辞退,Ditolak
未响应,No Response,未返信,Tidak Ada Respons
全部,All,全員,Semua
参加详情,Attendance Details,参加者詳細,Detail Kehadiran
搜索参与人,Search Participants,参加者を検索,Cari Peserta
修改参与人,Edit Participants,参加者を変更,Edit Peserta
日程提醒,Event Reminder,通知時間を選択,Pengingat Acara
开始前15分钟，应用弹窗提醒我,Notify me 15 minutes before start,15分前、自分に通知,Beri tahu saya 15 menit sebelum mulai
开始时,At Start Time,予定開始時,Saat Waktu Mulai
开始前5分钟,5 minutes before,5分前,5 menit sebelumnya
开始前15分钟,15 minutes before,15分前,15 menit sebelumnya
开始前30分钟,30 minutes before,30分前,30 menit sebelumnya
开始前1小时,1 hour before,1時間前,1 jam sebelumnya
开始前2小时,2 hours before,2時間前,2 jam sebelumnya
开始前1天,1 day before,1日前,1 hari sebelumnya
开始前2天,2 days before,2日前,2 hari sebelumnya
开始前7天,1 week before,7日前,1 minggu sebelumnya
会议链接,Meeting Link,会議リンク,Tautan Rapat
特别关注,Starred,特別フォロー,Berbintang
预约会议,Book Meeting,会議を予約,Pesan Rapat
投屏,Cast,画面ミラーリング,Transmisikan
直播,Live,ライブ配信,Live
录制,Recording,録画,Rekaman
实时转写,Live Transcription,リアルタイム文字起こし,Transkripsi Langsung
字幕,Caption,字幕,Teks
共享屏幕,Share Screen,画面共有,Bagikan Layar
会议中,In Meeting,会議中,Dalam Rapat
互动,Interaction,インタラクション,Interaksi
个人便签,Notes,ノート,Catatan
美颜,Appearance,美肌,Tampilan
全员合影,Meeting snapshot,全員写真,Cuplikan Rapat
分组讨论,Breakout Rooms,ブレイクアウトルーム,Ruang Kelompok
投票,Vote,投票,Voting
设置,Settings,設定,Pengaturan
聊天,Chat,チャット,Obrolan
共享,Share,共有,Bagikan
安全,Security,安全,Keamanan
更多,More,その他,Lainnya
直属上司,Direct Supervisor,,Atasan Langsung
首页,Home,ホーム,Beranda
我的文档,My Docs,マイドキュメント,Dokumen Saya
知识库,Knowledge Base,ナレッジベース,Knowledge Base
知识小组,Knowledge Group,ナレッジグループ,Grup Pengetahuan
模板中心,Template Center,テンプレートセンター,Pusat Templat
学习中心,Learning Center,学習センター,Pusat Pembelajaran
更多,More,その他,Lainnya
最近,Recent,最近,Terbaru
收藏,Favorites,お気に入り,Favorit
与我共享,Shared with Me,自分と共有,Dibagikan kepada Saya
我共享的,Shared by Me,自分が共有した,Dibagikan oleh Saya
未读文档,Unread Docs,未読ドキュメント,Dokumen Belum Dibaca
所有类型,All Types,すべての種類,Semua Jenis
创建人,Creator,作成者,Pembuat
最近打开,Last Opened,最近,Terakhir Dibuka
新建,Create,作成,Buat
上传,Upload,アップロード,Unggah
下载,Download,ダウンロード,Unduh
搜索,Search,検索,Cari
打开,Open,開く,Buka
保存,Save,保存,Simpan
另存为,Save As,名前を付けて保存,Simpan Sebagai
关闭,Close,閉じる,Tutup
打印,Print,印刷,Cetak
导出,Export,エクスポート,Ekspor
导入,Import,インポート,Impor
共享,Share,共有,Bagikan
复制,Copy,コピー,Salin
粘贴,Paste,貼り付け,Tempel
剪切,Cut,切り取り,Potong
撤销,Undo,元に戻す,Urungkan
重做,Redo,やり直し,Ulangi
查找,Find,検索,Cari
替换,Replace,置換,Ganti
查找替换,Find and Replace,検索と置換,Cari dan Ganti
评论,Comment,コメント,Komentar
回复,Reply,返信,Balas
共享链接,Share Link,共有リンク,Bagikan Tautan
版本历史,Version History,バージョン履歴,Riwayat Versi
查看历史,View History,履歴を見る,Riwayat Tampilan
建议模式,Suggesting Mode,提案モード,Mode Saran
编辑权限,Edit Permission,編集権限,Izin Edit
查看权限,View Permission,閲覧権限,Izin Lihat
文档,Document,ドキュメント,Dokumen
表格,Spreadsheet,スプレッドシート,Spreadsheet
AI表格,AI Table,AIテーブル,AI Table
脑图,Mind Map,マインドマップ,Peta Pikiran
白板,Whiteboard,ホワイトボード,Whiteboard
幻灯片,Slides,スライド,Slide
表单,Form,フォーム,Formulir
AI听记,AI Notes,AI議事録,AI Notes
文件,File,ファイル,File
文件夹,Folder,フォルダー,Folder
更多类型,More Types,その他,Jenis Lainnya
字体,Font,フォント,Font
字体大小,Font Size,フォントサイズ,Ukuran Font
加粗,Bold,太字,Tebal
斜体,Italic,斜体,Miring
下划线,Underline,下線,Garis Bawah
删除线,Strikethrough,取り消し線,Coret
文本颜色,Text Color,文字の色,Warna Teks
高亮,Highlight,ハイライト,Sorot
对齐,Align,揃え,Ratakan
居中,Center Align,中央揃え,Rata Tengah
左对齐,Align Left,左揃え,Rata Kiri
右对齐,Align Right,右揃え,Rata Kanan
列表,List,リスト,Daftar
编号列表,Numbered List,番号付きリスト,Daftar Bernomor
项目符号,Bullet List,箇条書き,Daftar Berpoin
标题,Title,見出し,Judul
正文,Body Text,本文,Isi Teks
段落,Paragraph,段落,Paragraf
文本框,Text Box,テキストボックス,Kotak Teks
插入,Insert,挿入,Sisipkan
AI创作,AI Writing,AI作成,AI Writing
图片,Image,画像,Gambar
文件,File,ファイル,File
链接,Link,リンク,Tautan
插入图片,Insert Image,画像を挿入,Sisipkan Gambar
插入表格,Insert Table,テーブルを挿入,Sisipkan Tabel
插入图表,Insert Chart,グラフを挿入,Sisipkan Grafik
插入形状,Insert Shape,図形を挿入,Sisipkan Bentuk
插入视频,Insert Video,動画を挿入,Sisipkan Video
插入音频,Insert Audio,音声を挿入,Sisipkan Audio
插入链接,Insert Link,リンクを挿入,Sisipkan Tautan
工作簿,Workbook,ブック,Buku Kerja
工作表,Worksheet,ワークシート,Lembar Kerja
单元格,Cell,セル,Sel
行,Row,行,Baris
列,Column,列,Kolom
插入行,Insert Row,行を挿入,Sisipkan Baris
插入列,Insert Column,列を挿入,Sisipkan Kolom
删除行,Delete Row,行を削除,Hapus Baris
删除列,Delete Column,列を削除,Hapus Kolom
合并单元格,Merge Cells,セルの結合,Gabungkan Sel
拆分单元格,Unmerge Cells,セル結合を解除,Pisahkan Sel
自动换行,Wrap Text,文字列の折り返し,Bungkus Teks
排序,Sort,並び替え,Urutkan
筛选,Filter,フィルター,Filter
删除重复项,Remove Duplicates,重複の削除,Hapus Duplikat
数据验证,Data Validation,データ検証,Validasi Data
自动求和,AutoSum,オートサム,Jumlah Otomatis
函数,Function,関数,Fungsi
公式,Formula,数式,Formula
计算,Calculate,計算,Hitung
条件格式,Conditional Formatting,条件付き書式,Pemformatan Bersyarat
数据透视表,Pivot Table,ピボットテーブル,Tabel Pivot
图表,Chart,グラフ,Bagan
迷你图,Sparklines,スパークライン,Sparklines
冻结窗格,Freeze Panes,ウィンドウ枠の固定,Bekukan Panel
表单标题,Form Title,フォームタイトル,Judul Formulir
文本,Text,テキスト,Teks
数字,Number,数値,Angka
单选,Single Choice,単一選択,Pilihan Tunggal
多选,Multiple Choice,複数選択,Pilihan Ganda
图片和附件,Image & Attachment,画像と添付,Gambar & Lampiran
富文本,Rich Text,リッチテキスト,Teks Kaya
手写签名,Signature,手書き署名,Tanda tangan
货币,Currency,通貨,Mata uang
勾选框,Checkbox,チェックボックス,Kotak centang
下拉列表,Dropdown List,ドロップダウンリスト,Daftar Dropdown
跳转到,Redirect To,リダイレクト先,Alihkan ke
演示文稿,Presentation,プレゼンテーション,Presentasi
幻灯片,Slide,スライド,Slide
新建幻灯片,New Slide,新しいスライド,Slide Baru
激光笔,Laser Pointer,レーザーポインター,Penunjuk Laser
放大镜,Zoom,ズーム,Zoom
批注,Annotation,注釈,Anotasi
计时器,Timer,タイマー,Pengatur Waktu
邮箱,Mail,メール,Email
邮件,Mail,メール,Email
写邮件,Compose,メール作成,Tulis
新邮件,New Email,新規メール,Email Baru
收件箱,Inbox,受信トレイ,Kotak Masuk
发件箱,Outbox,送信トレイ,Kotak Keluar
草稿箱,Drafts,下書き,Draf
已发送,Sent,送信済み,Terkirim
已删除,Trash,ゴミ箱,Sampah
垃圾邮件,Spam,迷惑メール,Spam
归档,Archive,アーカイブ,Arsip
所有邮件,All Mail,すべて,Semua Email
邮箱文件夹,Mail Folders,メールフォルダー,Folder Email
标签,Label,ラベル,Label
重要,Important,重要,Penting
星标,Starred,スター付き,Berbintang
跟进事项,Follow up,フォローアップ,Tindak Lanjut
完成事项,Completed,完了,Selesai
已归档,Archived,アーカイブ済み,Diarsipkan
邮件详情,Mail Details,メール詳細,Detail Email
邮件正文,Message Body,本文,Isi Pesan
主题,Subject,件名,Subjek
附件,Attachment,添付ファイル,Lampiran
超大附件,Large Attachment,大容量添付ファイル,Lampiran Besar
邮件标签,Mail Label,ラベル,Label Email
邮件分类,Mail Category,カテゴリ,Kategori Email
发件人,Sender,差出人,Pengirim
收件人,To,宛先,Kepada
抄送,CC,CC,CC
密送,BCC,BCC,BCC
邮件联系人,Mail Contact,連絡先,Kontak Email
邮件模板,Template,テンプレート,Templat
邮件签名,Mail Signature,メール署名,Tanda Tangan Email
回复,Reply,返信,Balas
回复全部,Reply All,全員に返信,Balas Semua
转发,Forward,転送,Teruskan
标为未读,Mark as Unread,未読にする,Tandai Belum Dibaca
标为已读,Mark as Read,既読にする,Tandai Sudah Dibaca
添加星标,Add Star,スターを付ける,Tambahkan Bintang
删除,Delete,削除,Hapus
移动到,Move to,移動,Pindahkan ke
邮箱设置,Mail Settings,メール設定,Pengaturan Email
邮件规则,Mail Rules,メールルール,Aturan Email
邮件过滤器,Mail Filter,メールフィルター,Filter Email
自动转发,Auto Forwarding,自動転送,Penerusan Otomatis
邮件同步,Mail Sync,同期,Sinkronisasi Email
邮箱容量,Mail Storage,容量,Penyimpanan Email
邮件备份,Mail Backup,バックアップ,Cadangan Email
邮件审核,Mail Approval,承認,Persetujuan Email
邮件日志,Mail Log,ログ,Log Email
邮件导出,Mail Export,エクスポート,Ekspor Email
邮件报告,Mail Reports,レポート,Laporan Email
邮件审计,Mail Audit,監査,Audit Email
邮件合规,Mail Compliance,コンプライアンス,Kepatuhan Email
企业邮箱,Enterprise Mail,エンタープライズメール,Email Perusahaan
搜索,Search,検索,Cari
高级搜索,Advanced Search,詳細検索,Pencarian Lanjutan
筛选,Filter,フィルター,Filter
排序,Sort,並び替え,Urutkan
发件箱,Outbox,送信トレイ,Kotak Keluar
全部邮件,All,すべて,Semua
正文,Body,本文,Isi Pesan
添加附件,Add Attachment,添付ファイルを追加,Tambahkan Lampiran
下载附件,Download Attachment,添付ファイルをダウンロード,Unduh Lampiran
联系人组,Contact Group,連絡先グループ,Grup Kontak
域名,Domain,ドメイン,Domain
域名管理,Domain Management,ドメイン管理,Pengelolaan Domain
邮箱搬家,Mail Migration,メール移行,Migrasi Email
邮件迁移,Mail Migration,メール移行,Migrasi Email
自动回复,Auto Reply,自動返信,Balasan Otomatis
过滤规则,Filter Rules,フィルタールール,Aturan Filter
转发规则,Forwarding Rules,転送ルール,Aturan Penerusan
黑名单,Blacklist,ブラックリスト,Daftar Hitam
白名单,Whitelist,ホワイトリスト,Daftar Putih
邮件通知,Mail Notification,メール通知,Notifikasi Email
钉盘,Drive,ドライブ,Drive
钉钉云盘,DingTalk Drive,ドライブ,DingTalk Drive
最近,Recent,最近,Terbaru
我的文件,My Files,マイファイル,File Saya
团队文件,Team Files,チームファイル,File Tim
聊天文件,Chat Files,チャットファイル,File Obrolan
分享,Share,共有,Bagikan
文件,Files,ファイル,File
文件列表,File List,ファイル一覧,Daftar File
文件名称,File Name,ファイル名,Nama File
文件大小,File Size,ファイルサイズ,Ukuran File
文件类型,File Type,ファイルタイプ,Tipe File
文件来源,Source,ソース,Sumber
操作时间,Modified Time,更新日時,Waktu Diubah
新建,New,新規,Baru
上传,Upload,アップロード,Unggah
搜索文件,File Search,ファイル検索,Pencarian File
筛选条件,Filter,フィルター,Filter
排序,Sort,並び替え,Urutkan
操作,Action,操作,Tindakan
来源,Source,ソース,Sumber
类型,Type,タイプ,Tipe
当前筛选条件,Current Filter,現在のフィルター,Filter Saat Ini
内容,Content,コンテンツ,Konten
文件夹,Folder,フォルダー,Folder
子文件夹,Subfolder,サブフォルダー,Subfolder
共享文件,Shared File,共有ファイル,File Dibagikan
共享链接,Share Link,共有リンク,Bagikan Tautan
文件版本,File Version,ファイルバージョン,Versi File
文件权限,File Permission,ファイル権限,Izin File
备注名,Alias,表示名,Alias
备注,Alias,表示名,Alias
我在本群的昵称,Set my alias in group,表示名を変更,Atur alias saya di grup
资料设置,Contact Settings,連絡先設定,Pengaturan Kontak
再次发送好友请求,Resend Request,申請を再送,Kirim Ulang Permintaan
主管理员,Super Admin,スーパー管理者,Super Admin
子管理员,Sub Admin,サブ管理者,Sub Admin
免费,Free,無料,Luang
基础,Basic,ベーシック,Dasar
高级,Premium,プレミアム,Premium
钉闪会,Quick Meeting,クイック会議,Rapat Cepat
